"Patient_ID","Patient_Fname","Patient_Lname","Patient_Email_ID","Patient_Phone","Patient_DoB","Patient_Gender","Patient_Address","Patient_Date_Reg","Patient_Account","Patient_Password"
"PA_0000001","Nam","Ngu","nam.ngu@gmail.com","0988012301","1977-01-01","FEMALE","HANOI","2021-05-01 00:00:00","namngu","2bd9c0ed00116be1258e0cc66617d7c8"
"PA_0000002","Tua","Ngh","tua.ngh@gmail.com","0988012302","1984-01-01","MALE","HUE","2021-05-02 00:00:00","tuangh","5ebe2294ecd0e0f08eab7690d2a6ee69"
"PA_0000003","Vui","Huy","vui.huy@gmail.com","0988012303","1980-01-01","FEMALE","DANANG","2021-05-03 00:00:00","vuihuy","5ebe2294ecd0e0f08eab7690d2a6ee69"
"PA_0000004","Tho","Tha","tho.tha@gmail.com","0988012304","1990-01-01","MALE","NHATRANG","2021-05-04 00:00:00","thotha","5ebe2294ecd0e0f08eab7690d2a6ee69"
"PA_0000005","Hai","Tin","hai.tin@gmail.com","0988012305","1974-01-01","FEMALE","HOCHIMINH","2021-05-05 00:00:00","haitin","5ebe2294ecd0e0f08eab7690d2a6ee69"
"PA_0000006","Lai","Que","lai.que@gmail.com","0988012306","1973-01-01","MALE","CANTHO","2021-05-06 00:00:00","laique","5ebe2294ecd0e0f08eab7690d2a6ee69"
"PA_0000007","Tru","Huo","tru.huo@gmail.com","0988012307","1974-01-01","FEMALE","HANOI","2021-05-07 00:00:00","truhuo","5ebe2294ecd0e0f08eab7690d2a6ee69"
"PA_0000008","Nha","Xat","nha.xat@gmail.com","0988012308","1969-01-10","MALE","HUE","2021-05-08 00:00:00","nhaxat","5ebe2294ecd0e0f08eab7690d2a6ee69"
"PA_0000009","Hie","Han","hie.han@gmail.com","0988012309","1985-01-10","FEMALE","DANANG","2021-05-09 00:00:00","hiehan","5ebe2294ecd0e0f08eab7690d2a6ee69"
"PA_0000010","Dan","Quo","dan.quo@gmail.com","0988012310","1986-01-01","FEMALE","NHATRANG","2021-05-10 00:00:00","danquo","5ebe2294ecd0e0f08eab7690d2a6ee69"
"PA_0000011","Tua","Myn","tua.myn@gmail.com","0988012311","1979-01-10","MALE","HOCHIMINH","2021-05-11 00:00:00","tuamyn","5ebe2294ecd0e0f08eab7690d2a6ee69"
"PA_0000012","Kho","Duc","kho.duc@gmail.com","0988012312","1981-01-01","MALE","CANTHO","2021-05-12 00:00:00","khoduc","5ebe2294ecd0e0f08eab7690d2a6ee69"
"PA_0000013","Lao","Ngo","lao.ngo@gmail.com","0988012313","1983-01-10","MALE","HOCHIMINH","2021-05-13 00:00:00","laongo","5ebe2294ecd0e0f08eab7690d2a6ee69"
"PA_0000014","Bin","Tra","bin.tra@gmail.com","0988012314","1990-01-01","FEMALE","HANOI","2021-05-14 00:00:00","bintra","5ebe2294ecd0e0f08eab7690d2a6ee69"
"PA_0000015","Nam10","Ngu","nam.ngu10@gmail.com","0988012315","1965-01-01","FEMALE","HANOI","2021-05-15 00:00:00","namngu10","2bd9c0ed00116be1258e0cc66617d7c8"
"PA_0000016","Tua11","Ngh","tua.ngh11@gmail.com","0988012316","1966-01-01","MALE","HOCHIMINH","2021-05-16 00:00:00","tuangh11","5ebe2294ecd0e0f08eab7690d2a6ee69"
"PA_0000017","Vui12","Huy","vui.huy12@gmail.com","0988012317","1967-01-01","FEMALE","DANANG","2021-05-17 00:00:00","vuihuy12","5ebe2294ecd0e0f08eab7690d2a6ee69"
"PA_0000018","Tho13","Tha","tho.tha13@gmail.com","0988012318","1968-01-01","MALE","NHATRANG","2021-05-18 00:00:00","thotha13","5ebe2294ecd0e0f08eab7690d2a6ee69"
"PA_0000019","Hai14","Tin","hai.tin14@gmail.com","0988012319","1969-01-01","FEMALE","HOCHIMINH","2021-05-19 00:00:00","haitin14","5ebe2294ecd0e0f08eab7690d2a6ee69"
"PA_0000020","Lai15","Que","lai.que15@gmail.com","0988012320","1970-01-01","MALE","CANTHO","2021-05-20 00:00:00","laique15","5ebe2294ecd0e0f08eab7690d2a6ee69"
"PA_0000021","Tru16","Huo","tru.huo16@gmail.com","0988012321","1971-01-01","FEMALE","HANOI","2021-05-21 00:00:00","truhuo16","5ebe2294ecd0e0f08eab7690d2a6ee69"
"PA_0000022","Nha17","Xat","nha.xat17@gmail.com","0988012322","1972-01-01","MALE","HUE","2021-05-22 00:00:00","nhaxat17","5ebe2294ecd0e0f08eab7690d2a6ee69"
"PA_0000023","Hie18","Han","hie.han18@gmail.com","0988012323","1973-01-01","FEMALE","DANANG","2021-05-23 00:00:00","hiehan18","5ebe2294ecd0e0f08eab7690d2a6ee69"
"PA_0000024","Dan19","Quo","dan.quo19@gmail.com","0988012324","1974-01-01","FEMALE","NHATRANG","2021-06-19 00:00:00","danquo19","5ebe2294ecd0e0f08eab7690d2a6ee69"
"PA_0000025","Tua20","Myn","tua.myn20@gmail.com","0988012325","1975-01-01","MALE","HOCHIMINH","2021-06-20 00:00:00","tuamyn20","5ebe2294ecd0e0f08eab7690d2a6ee69"
"PA_0000026","Kho21","Duc","kho.duc21@gmail.com","0988012326","1976-01-01","MALE","CANTHO","2021-06-21 00:00:00","khoduc21","5ebe2294ecd0e0f08eab7690d2a6ee69"
"PA_0000027","Lao22","Ngo","lao.ngo22@gmail.com","0988012327","1977-01-01","MALE","HOCHIMINH","2021-06-22 00:00:00","laongo22","5ebe2294ecd0e0f08eab7690d2a6ee69"
"PA_0000028","Bin23","Tra","bin.tra23@gmail.com","0988012328","1978-01-01","FEMALE","HANOI","2021-06-23 00:00:00","bintra23","5ebe2294ecd0e0f08eab7690d2a6ee69"
"PA_0000029","Nam24","Ngu","nam.ngu24@gmail.com","0988012329","1979-01-01","FEMALE","HANOI","2021-07-01 00:00:00","namngu24","2bd9c0ed00116be1258e0cc66617d7c8"
"PA_0000030","Tua25","Ngh","tua.ngh25@gmail.com","0988012330","1980-01-01","MALE","HUE","2021-07-02 00:00:00","tuangh25","5ebe2294ecd0e0f08eab7690d2a6ee69"
"PA_0000031","Vui26","Huy","vui.huy26@gmail.com","0988012331","1981-01-01","FEMALE","DANANG","2021-07-03 00:00:00","vuihuy26","5ebe2294ecd0e0f08eab7690d2a6ee69"
"PA_0000032","Tho27","Tha","tho.tha27@gmail.com","0988012332","1982-01-01","MALE","HOCHIMINH","2021-07-04 00:00:00","thotha27","5ebe2294ecd0e0f08eab7690d2a6ee69"
"PA_0000033","Hai28","Tin","hai.tin28@gmail.com","0988012333","1983-01-01","FEMALE","HOCHIMINH","2021-07-05 00:00:00","haitin28","5ebe2294ecd0e0f08eab7690d2a6ee69"
"PA_0000034","Lai29","Que","lai.que29@gmail.com","0988012334","1984-01-01","MALE","CANTHO","2021-07-06 00:00:00","laique29","5ebe2294ecd0e0f08eab7690d2a6ee69"
"PA_0000035","Tru30","Huo","tru.huo30@gmail.com","0988012335","1985-01-01","FEMALE","HANOI","2021-07-07 00:00:00","truhuo30","5ebe2294ecd0e0f08eab7690d2a6ee69"
"PA_0000036","Nha31","Xat","nha.xat31@gmail.com","0988012336","1986-01-01","MALE","HUE","2021-07-08 00:00:00","nhaxat31","5ebe2294ecd0e0f08eab7690d2a6ee69"
"PA_0000037","Hie32","Han","hie.han32@gmail.com","0988012337","1987-01-01","FEMALE","DANANG","2021-07-09 00:00:00","hiehan32","5ebe2294ecd0e0f08eab7690d2a6ee69"
"PA_0000038","Dan33","Quo","dan.quo33@gmail.com","0988012338","1988-01-01","FEMALE","NHATRANG","2021-07-10 00:00:00","danquo33","5ebe2294ecd0e0f08eab7690d2a6ee69"
"PA_0000039","Tua34","Myn","tua.myn34@gmail.com","0988012339","1989-01-01","MALE","HOCHIMINH","2021-07-11 00:00:00","tuamyn34","5ebe2294ecd0e0f08eab7690d2a6ee69"
"PA_0000040","Kho35","Duc","kho.duc35@gmail.com","0988012340","1990-01-01","MALE","CANTHO","2021-07-12 00:00:00","khoduc35","5ebe2294ecd0e0f08eab7690d2a6ee69"
"PA_0000041","Lao36","Ngo","lao.ngo36@gmail.com","0988012341","1983-01-01","MALE","HOCHIMINH","2021-07-13 00:00:00","laongo36","5ebe2294ecd0e0f08eab7690d2a6ee69"
"PA_0000042","Bin37","Tra","bin.tra37@gmail.com","0988012342","1990-01-01","FEMALE","HANOI","2021-07-14 00:00:00","bintra37","5ebe2294ecd0e0f08eab7690d2a6ee69"
"PA_0000043","Nam38","Ngu","nam.ngu38@gmail.com","0988012343","1977-01-01","FEMALE","HANOI","2021-07-15 00:00:00","namngu38","2bd9c0ed00116be1258e0cc66617d7c8"
"PA_0000044","Tua39","Ngh","tua.ngh39@gmail.com","0988012344","1984-01-01","MALE","HUE","2021-07-16 00:00:00","tuangh39","5ebe2294ecd0e0f08eab7690d2a6ee69"
"PA_0000045","Vui40","Huy","vui.huy40@gmail.com","0988012345","1980-01-01","FEMALE","DANANG","2021-07-17 00:00:00","vuihuy40","5ebe2294ecd0e0f08eab7690d2a6ee69"
"PA_0000046","Tho41","Tha","tho.tha41@gmail.com","0988012346","1990-01-01","MALE","NHATRANG","2021-07-18 00:00:00","thotha41","5ebe2294ecd0e0f08eab7690d2a6ee69"
"PA_0000047","Hai42","Tin","hai.tin42@gmail.com","0988012347","1974-01-01","FEMALE","HOCHIMINH","2021-07-19 00:00:00","haitin42","5ebe2294ecd0e0f08eab7690d2a6ee69"
"PA_0000048","Lai43","Que","lai.que43@gmail.com","0988012348","1973-01-01","MALE","HOCHIMINH","2021-07-20 00:00:00","laique43","5ebe2294ecd0e0f08eab7690d2a6ee69"
"PA_0000049","Tru44","Huo","tru.huo44@gmail.com","0988012349","1974-01-01","FEMALE","HANOI","2021-07-21 00:00:00","truhuo44","5ebe2294ecd0e0f08eab7690d2a6ee69"
"PA_0000050","Nha45","Xat","nha.xat45@gmail.com","0988012350","1969-01-01","MALE","HUE","2021-07-22 00:00:00","nhaxat45","5ebe2294ecd0e0f08eab7690d2a6ee69"
"PA_0000051","Hie46","Han","hie.han46@gmail.com","0988012351","1985-01-10","FEMALE","DANANG","2021-07-23 00:00:00","hiehan46","5ebe2294ecd0e0f08eab7690d2a6ee69"
"PA_0000052","Dan47","Quo","dan.quo47@gmail.com","0988012352","1986-01-01","FEMALE","NHATRANG","2021-08-01 00:00:00","danquo47","5ebe2294ecd0e0f08eab7690d2a6ee69"
"PA_0000053","Tua48","Myn","tua.myn48@gmail.com","0988012353","1979-01-01","MALE","HOCHIMINH","2021-08-02 00:00:00","tuamyn48","5ebe2294ecd0e0f08eab7690d2a6ee69"
"PA_0000054","Kho49","Duc","kho.duc49@gmail.com","0988012354","1981-01-01","MALE","CANTHO","2021-08-03 00:00:00","khoduc49","5ebe2294ecd0e0f08eab7690d2a6ee69"
"PA_0000055","Lao50","Ngo","lao.ngo50@gmail.com","0988012355","1983-01-01","MALE","HOCHIMINH","2021-08-04 00:00:00","laongo50","5ebe2294ecd0e0f08eab7690d2a6ee69"
"PA_0000056","Bin51","Tra","bin.tra51@gmail.com","0988012356","1990-01-01","FEMALE","HANOI","2021-08-05 00:00:00","bintra51","5ebe2294ecd0e0f08eab7690d2a6ee69"
"PA_0000057","Nam52","Ngu","nam.ngu52@gmail.com","0988012357","1977-01-01","FEMALE","HANOI","2021-09-01 00:00:00","namngu52","2bd9c0ed00116be1258e0cc66617d7c8"
"PA_0000058","Tua53","Ngh","tua.ngh53@gmail.com","0988012358","1984-01-01","MALE","HUE","2021-09-02 00:00:00","tuangh53","5ebe2294ecd0e0f08eab7690d2a6ee69"
"PA_0000059","Vui54","Huy","vui.huy54@gmail.com","0988012359","1980-01-01","FEMALE","DANANG","2021-09-03 00:00:00","vuihuy54","5ebe2294ecd0e0f08eab7690d2a6ee69"
"PA_0000060","Tho55","Tha","tho.tha55@gmail.com","0988012360","1990-01-01","MALE","NHATRANG","2021-10-01 00:00:00","thotha55","5ebe2294ecd0e0f08eab7690d2a6ee69"
"PA_0000061","Thz56","Tha","thz.tha56@gmail.com","0988012361","1989-01-01","MALE","HOCHIMINH","2021-10-15 00:00:00","thZtha56","5ebe2294ecd0e0f08eab7690d2a6ee69"
"PA_0000062","Jack","Jill","jack.jill@gmail.com","0988012362","1977-01-01","MALE","HOCHIMINH","2021-10-01 00:00:00","jackjill","2bd9c0ed00116be1258e0cc66617d7c8"
